{"configs_key":{"playstore_upgrade_plans":"dbdda492_78bd_4b10_831b_eeec5078d5ad","playstore_subscription_plans_test2_b":"b887a853_06a8_4eb7_97ee_7be8c0c80d3f","amazon_sku":"2f391e94-2bbe-469b-aeed-d182e4d0f5f9","is_user_from_affected_country":"false","playstore_subscription_plans_monthly":"ea555ff9_95bf_4291_9a23_1fc3902aea0a","chrome_user_agent":"Version\/4.0 Chrome\/43.0.2357.65 Mobile Safari\/537.36","playstore_subscription_plans_test92_b":"911713b0_d0de_4b9d_97d9_62408fd3f82b","smart_lock":"true","playstore_subscription_plans_30d_trial":"18e02af7_9666_476a_8fb0_0e56cdd7916c","enable_gaid_tracking":"true","playstore_subscription_plans_test92_c":"51b0135a_2a0a_446c_9cb4_abf23fdc0b36"},"fetch_time_key":0,"abt_experiments_key":[],"personalization_metadata_key":{},"template_version_number_key":0,"rollout_metadata_key":[]}