<?xml version='1.0' encoding='utf-8' standalone='yes' ?>
<map>
    <int name="AF_CACHE_VERSION" value="1" />
    <string name="prev_event_name">App Open</string>
    <boolean name="didSendRevenueTriggerOnLastBackground" value="true" />
    <long name="prev_event_timestamp" value="1756967103394" />
    <int name="appsFlyerInAppEventCount" value="3" />
    <long name="prev_session_dur" value="2" />
    <boolean name="ddl_sent" value="true" />
    <long name="af_rc_max_age" value="86400" />
    <string name="sentSuccessfully">true</string>
    <string name="af_remote_config">eyJmZWF0dXJlcyI6e30sInZlciI6ImRlZmF1bHQudjEuMTYzNzE0OTUyOSJ9</string>
    <int name="versionCode" value="310032958" />
    <string name="savedProperties">{&quot;waitForCustomerId&quot;:&quot;false&quot;,&quot;logLevel&quot;:&quot;0&quot;,&quot;deviceTrackingDisabled&quot;:&quot;false&quot;,&quot;userEmails&quot;:&quot;{\&quot;plain_el_arr\&quot;:[null]}&quot;,&quot;AppUserId&quot;:null,&quot;userEmailsCryptType&quot;:&quot;0&quot;}</string>
    <string name="AF_INSTALLATION">1756967051289-4717825034241088902</string>
    <boolean name="afUninstallToken_queued" value="false" />
    <int name="appsFlyerCount" value="4" />
    <long name="af_rc_timestamp" value="1756967051924" />
    <long name="AppsFlyerTimePassedSincePrevLaunch" value="1756967103789" />
    <boolean name="newGPReferrerSent" value="true" />
    <string name="first_launch">{&quot;net&quot;:3894,&quot;from_fg&quot;:4353,&quot;start_with&quot;:&quot;activity&quot;,&quot;init_to_fg&quot;:29}</string>
    <string name="appsFlyerFirstInstall"></string>
</map>
