<?xml version='1.0' encoding='utf-8' standalone='yes' ?>
<map>
    <boolean name="measurement_enabled_from_api" value="true" />
    <long name="first_open_time" value="1756967044281" />
    <string name="gmp_app_id">1:232271587:android:18c08c6b46f20a6c</string>
    <string name="app_instance_id">626c67147b3ad41565ff43558ba5691d</string>
    <boolean name="app_backgrounded" value="true" />
    <long name="session_id" value="1756967051" />
    <long name="health_monitor:start" value="1756967047493" />
    <boolean name="use_service" value="true" />
    <boolean name="deferred_analytics_collection" value="true" />
    <boolean name="measurement_enabled" value="true" />
    <string name="previous_os_version">14</string>
    <boolean name="has_been_opened" value="true" />
    <boolean name="allow_remote_dynamite" value="true" />
    <long name="last_pause_time" value="1756967106411" />
    <boolean name="start_new_session" value="false" />
</map>
