<?xml version='1.0' encoding='utf-8' standalone='yes' ?>
<map>
    <long name="lastCachedCardLeaks" value="1756967076430" />
    <boolean name="default_port_blocked" value="false" />
    <boolean name="notification_permission_moved_to_second_part" value="true" />
    <boolean name="user_on_malicious_network" value="false" />
    <long name="vpn_protocol_last_log_clear" value="1756967052076" />
    <long name="lastCachedEmailLeaks" value="1756967076362" />
    <string name="current_language_prefix">en</string>
    <int name="last_app_version" value="310032958" />
    <string name="ab_test_list">[{&quot;test&quot;:&quot;test2&quot;,&quot;variant&quot;:&quot;a&quot;},{&quot;test&quot;:&quot;feature_1&quot;,&quot;variant&quot;:&quot;b&quot;},{&quot;test&quot;:&quot;feature_shadowsocks&quot;,&quot;variant&quot;:&quot;b&quot;},{&quot;test&quot;:&quot;feature_mtls&quot;,&quot;variant&quot;:&quot;b&quot;},{&quot;test&quot;:&quot;feature_delete_account&quot;,&quot;variant&quot;:&quot;b&quot;},{&quot;test&quot;:&quot;feature_rotator&quot;,&quot;variant&quot;:&quot;b&quot;},{&quot;test&quot;:&quot;feature_cf_captcha&quot;,&quot;variant&quot;:&quot;b&quot;},{&quot;test&quot;:&quot;feature_turn_off_feedback&quot;,&quot;variant&quot;:&quot;b&quot;},{&quot;test&quot;:&quot;feature_ikev2_removal_warning&quot;,&quot;variant&quot;:&quot;a&quot;},{&quot;test&quot;:&quot;test_76&quot;,&quot;variant&quot;:&quot;b&quot;},{&quot;test&quot;:&quot;feature_proxy_self_heal&quot;,&quot;variant&quot;:&quot;b&quot;},{&quot;test&quot;:&quot;feature_auth_microsoft&quot;,&quot;variant&quot;:&quot;a&quot;},{&quot;test&quot;:&quot;feature_auth_google&quot;,&quot;variant&quot;:&quot;b&quot;},{&quot;test&quot;:&quot;feature_auth_apple&quot;,&quot;variant&quot;:&quot;b&quot;},{&quot;test&quot;:&quot;test_81&quot;,&quot;variant&quot;:&quot;b&quot;},{&quot;test&quot;:&quot;test_84&quot;,&quot;variant&quot;:&quot;b&quot;},{&quot;test&quot;:&quot;feature_login_apple_validation&quot;,&quot;variant&quot;:&quot;b&quot;},{&quot;test&quot;:&quot;feature_startup_apple_validation&quot;,&quot;variant&quot;:&quot;b&quot;},{&quot;test&quot;:&quot;feature_language_tooltip&quot;,&quot;variant&quot;:&quot;a&quot;},{&quot;test&quot;:&quot;test_92&quot;,&quot;variant&quot;:&quot;c&quot;},{&quot;test&quot;:&quot;feature_language_removal&quot;,&quot;variant&quot;:&quot;b&quot;,&quot;config&quot;:{&quot;languages&quot;:[&quot;hi&quot;,&quot;ar&quot;,&quot;fi&quot;,&quot;tr&quot;]}},{&quot;test&quot;:&quot;feature_global_timeout&quot;,&quot;variant&quot;:&quot;b&quot;},{&quot;test&quot;:&quot;test_94&quot;,&quot;variant&quot;:&quot;b&quot;},{&quot;test&quot;:&quot;test_95&quot;,&quot;variant&quot;:&quot;b&quot;},{&quot;test&quot;:&quot;feature_auth_microsoft_2&quot;,&quot;variant&quot;:&quot;b&quot;},{&quot;test&quot;:&quot;feature_acc_link_multiple&quot;,&quot;variant&quot;:&quot;a&quot;},{&quot;test&quot;:&quot;feature_location_prefetch&quot;,&quot;variant&quot;:&quot;b&quot;},{&quot;test&quot;:&quot;feature_blocked_port_mode&quot;,&quot;variant&quot;:&quot;b&quot;},{&quot;test&quot;:&quot;feature_dedicated_ip&quot;,&quot;variant&quot;:&quot;b&quot;},{&quot;test&quot;:&quot;test_windows&quot;,&quot;variant&quot;:&quot;b&quot;},{&quot;test&quot;:&quot;feature_local_net&quot;,&quot;variant&quot;:&quot;b&quot;},{&quot;test&quot;:&quot;feature_alt_id_android&quot;,&quot;variant&quot;:&quot;b&quot;},{&quot;test&quot;:&quot;feature_test99_android&quot;,&quot;variant&quot;:&quot;b&quot;},{&quot;test&quot;:&quot;feature_blocked_port_mode_apple&quot;,&quot;variant&quot;:&quot;b&quot;},{&quot;test&quot;:&quot;feature_cancel_sub&quot;,&quot;variant&quot;:&quot;b&quot;,&quot;config&quot;:{&quot;countries&quot;:[&quot;DE&quot;]}},{&quot;test&quot;:&quot;feature_home_feedback&quot;,&quot;variant&quot;:&quot;b&quot;},{&quot;test&quot;:&quot;feature_alt_id_multiple_emails_android&quot;,&quot;variant&quot;:&quot;b&quot;},{&quot;test&quot;:&quot;feature_connection_rating&quot;,&quot;variant&quot;:&quot;b&quot;,&quot;config&quot;:{&quot;duration&quot;:60,&quot;frequency&quot;:2}},{&quot;test&quot;:&quot;feature_android_connection_details&quot;,&quot;variant&quot;:&quot;b&quot;},{&quot;test&quot;:&quot;feature_cancel_sub_test&quot;,&quot;variant&quot;:&quot;b&quot;,&quot;config&quot;:{&quot;countries&quot;:[&quot;DE&quot;]}},{&quot;test&quot;:&quot;feature_dip_upsell_android&quot;,&quot;variant&quot;:&quot;b&quot;},{&quot;test&quot;:&quot;feature_windows_extended_auth_timeout&quot;,&quot;variant&quot;:&quot;b&quot;},{&quot;test&quot;:&quot;feature_antivirus_centralized_analytics&quot;,&quot;variant&quot;:&quot;b&quot;},{&quot;test&quot;:&quot;feature_force_obfuscated&quot;,&quot;variant&quot;:&quot;a&quot;},{&quot;test&quot;:&quot;feature_app_rating_android&quot;,&quot;variant&quot;:&quot;b&quot;,&quot;config&quot;:{&quot;skipGatePrompt&quot;:true,&quot;gatePromptStarCount&quot;:1}},{&quot;test&quot;:&quot;feature_windows_alt_number&quot;,&quot;variant&quot;:&quot;b&quot;},{&quot;test&quot;:&quot;feature_consent_mode_android&quot;,&quot;variant&quot;:&quot;a&quot;},{&quot;test&quot;:&quot;feature_sync_dedicated_ip&quot;,&quot;variant&quot;:&quot;a&quot;},{&quot;test&quot;:&quot;feature_wg_ping&quot;,&quot;variant&quot;:&quot;b&quot;},{&quot;test&quot;:&quot;feature_alt_id_phone_upsell_android&quot;,&quot;variant&quot;:&quot;b&quot;},{&quot;test&quot;:&quot;feature_widget_layout_safe_mode_android&quot;,&quot;variant&quot;:&quot;a&quot;,&quot;config&quot;:{&quot;devices&quot;:[{&quot;manufacturer&quot;:&quot;samsung&quot;,&quot;model&quot;:&quot;SM-S918B&quot;},{&quot;manufacturer&quot;:&quot;samsung&quot;,&quot;model&quot;:&quot;SM-S901B&quot;}]}},{&quot;test&quot;:&quot;feature_segmentation_questions&quot;,&quot;variant&quot;:&quot;a&quot;},{&quot;test&quot;:&quot;feature_antivirus_engine_analytics&quot;,&quot;variant&quot;:&quot;b&quot;},{&quot;test&quot;:&quot;test_home_dashboard&quot;,&quot;variant&quot;:&quot;b&quot;},{&quot;test&quot;:&quot;feature_multiport&quot;,&quot;variant&quot;:&quot;b&quot;},{&quot;test&quot;:&quot;feature_silent_wireguard_reconnect&quot;,&quot;variant&quot;:&quot;b&quot;},{&quot;test&quot;:&quot;targeted_crash_diagnostics_android&quot;,&quot;variant&quot;:&quot;b&quot;,&quot;config&quot;:{&quot;collection_threshold_fraction&quot;:0,&quot;suppress_repetitive&quot;:true,&quot;override_allowed_crashes&quot;:[&quot;Iterable&quot;,&quot;Telnyx&quot;,&quot;Delegate&quot;],&quot;override_ignored_crashes&quot;:[&quot;com.surfshark.vpnclient.android.legacyapp.core.data.api.mtls.MtlsData&quot;,&quot;UncaughtExceptionException&quot;,&quot;RuntimeException&quot;,&quot;ClassNotFoundException&quot;,&quot;RemoteServiceException&quot;,&quot;StackOverflowError&quot;,&quot;UnsatisfiedLinkError&quot;]}},{&quot;test&quot;:&quot;feature_home_dashboard_rollout_android&quot;,&quot;variant&quot;:&quot;b&quot;,&quot;config&quot;:{&quot;rollout_percentage&quot;:10}},{&quot;test&quot;:&quot;feature_refresh_wireguard_key_in_advance&quot;,&quot;variant&quot;:&quot;a&quot;},{&quot;test&quot;:&quot;test_129&quot;,&quot;variant&quot;:&quot;b&quot;},{&quot;test&quot;:&quot;feature_post_quantum_amazon&quot;,&quot;variant&quot;:&quot;a&quot;},{&quot;test&quot;:&quot;feature_vpn_mtu_android&quot;,&quot;variant&quot;:&quot;b&quot;,&quot;config&quot;:{&quot;mtu&quot;:1280}},{&quot;test&quot;:&quot;flexible_autoprotocol_android&quot;,&quot;variant&quot;:&quot;b&quot;},{&quot;test&quot;:&quot;test_133&quot;,&quot;variant&quot;:&quot;a&quot;},{&quot;test&quot;:&quot;test_subscription_plan_bundles_config_android&quot;,&quot;variant&quot;:&quot;a&quot;,&quot;config&quot;:{&quot;test_id&quot;:&quot;test_138&quot;,&quot;screen&quot;:&quot;periods&quot;,&quot;billing_information&quot;:&quot;month&quot;,&quot;billing_information_existing&quot;:&quot;month&quot;,&quot;periods&quot;:[{&quot;type&quot;:&quot;starter&quot;,&quot;id&quot;:&quot;1a1eb5c5_b84d_416f_8494_ce3dd49a38cb&quot;,&quot;benefits&quot;:[&quot;vpn_security&quot;,&quot;alt_id_generator&quot;],&quot;preselect&quot;:true},{&quot;type&quot;:&quot;starter&quot;,&quot;id&quot;:&quot;a3c19698_aed6_4c65_aa9c_64ea0712195c&quot;,&quot;benefits&quot;:[&quot;vpn_security&quot;,&quot;alt_id_generator&quot;],&quot;preselect&quot;:true},{&quot;type&quot;:&quot;starter&quot;,&quot;id&quot;:&quot;24c9579d_1ebc_4e65_8602_ae17391423c2&quot;,&quot;benefits&quot;:[&quot;vpn_security&quot;,&quot;alt_id_generator&quot;],&quot;preselect&quot;:true},{&quot;type&quot;:&quot;one&quot;,&quot;id&quot;:&quot;019408d3_6bf4_7138_9d66_92f1cc1ce7ff&quot;,&quot;benefits&quot;:[&quot;vpn_security&quot;,&quot;alt_id_generator&quot;,&quot;av_protection&quot;,&quot;data_breach_alerts&quot;,&quot;anonymous_web_searching&quot;],&quot;preselect&quot;:false},{&quot;type&quot;:&quot;one&quot;,&quot;id&quot;:&quot;0190833d_e397_7223_824c_819f375417b1&quot;,&quot;benefits&quot;:[&quot;vpn_security&quot;,&quot;alt_id_generator&quot;,&quot;av_protection&quot;,&quot;data_breach_alerts&quot;,&quot;anonymous_web_searching&quot;],&quot;preselect&quot;:false},{&quot;type&quot;:&quot;one&quot;,&quot;id&quot;:&quot;0190833f_13fe_7003_b026_affa472b2027&quot;,&quot;benefits&quot;:[&quot;vpn_security&quot;,&quot;alt_id_generator&quot;,&quot;av_protection&quot;,&quot;data_breach_alerts&quot;,&quot;anonymous_web_searching&quot;],&quot;preselect&quot;:false}],&quot;periods_existing&quot;:[{&quot;type&quot;:&quot;starter&quot;,&quot;id&quot;:&quot;1a1eb5c5_b84d_416f_8494_ce3dd49a38cb&quot;,&quot;benefits&quot;:[&quot;vpn_security&quot;,&quot;alt_id_generator&quot;],&quot;preselect&quot;:true},{&quot;type&quot;:&quot;starter&quot;,&quot;id&quot;:&quot;a3c19698_aed6_4c65_aa9c_64ea0712195c&quot;,&quot;benefits&quot;:[&quot;vpn_security&quot;,&quot;alt_id_generator&quot;],&quot;preselect&quot;:true},{&quot;type&quot;:&quot;starter&quot;,&quot;id&quot;:&quot;24c9579d_1ebc_4e65_8602_ae17391423c2&quot;,&quot;benefits&quot;:[&quot;vpn_security&quot;,&quot;alt_id_generator&quot;],&quot;preselect&quot;:true},{&quot;type&quot;:&quot;one&quot;,&quot;id&quot;:&quot;019408d3_6bf4_7138_9d66_92f1cc1ce7ff&quot;,&quot;benefits&quot;:[&quot;vpn_security&quot;,&quot;alt_id_generator&quot;,&quot;av_protection&quot;,&quot;data_breach_alerts&quot;,&quot;anonymous_web_searching&quot;],&quot;preselect&quot;:false},{&quot;type&quot;:&quot;one&quot;,&quot;id&quot;:&quot;0190833d_e397_7223_824c_819f375417b1&quot;,&quot;benefits&quot;:[&quot;vpn_security&quot;,&quot;alt_id_generator&quot;,&quot;av_protection&quot;,&quot;data_breach_alerts&quot;,&quot;anonymous_web_searching&quot;],&quot;preselect&quot;:false},{&quot;type&quot;:&quot;one&quot;,&quot;id&quot;:&quot;0190833f_13fe_7003_b026_affa472b2027&quot;,&quot;benefits&quot;:[&quot;vpn_security&quot;,&quot;alt_id_generator&quot;,&quot;av_protection&quot;,&quot;data_breach_alerts&quot;,&quot;anonymous_web_searching&quot;],&quot;preselect&quot;:false}],&quot;benefit_comparison&quot;:[{&quot;benefit_id&quot;:&quot;secure_vpn&quot;,&quot;types&quot;:[&quot;starter&quot;,&quot;one&quot;]},{&quot;benefit_id&quot;:&quot;unlimited_devices&quot;,&quot;types&quot;:[&quot;starter&quot;,&quot;one&quot;]},{&quot;benefit_id&quot;:&quot;clean_web_adblock&quot;,&quot;types&quot;:[&quot;starter&quot;,&quot;one&quot;]},{&quot;benefit_id&quot;:&quot;personal_detail_generator&quot;,&quot;types&quot;:[&quot;starter&quot;,&quot;one&quot;]},{&quot;benefit_id&quot;:&quot;email_alias_generator&quot;,&quot;types&quot;:[&quot;starter&quot;,&quot;one&quot;]},{&quot;benefit_id&quot;:&quot;av_protection_247&quot;,&quot;types&quot;:[&quot;one&quot;]},{&quot;benefit_id&quot;:&quot;anti_spyware_protection&quot;,&quot;types&quot;:[&quot;one&quot;]},{&quot;benefit_id&quot;:&quot;malware_protection&quot;,&quot;types&quot;:[&quot;one&quot;]},{&quot;benefit_id&quot;:&quot;cc_breach_alerts&quot;,&quot;types&quot;:[&quot;one&quot;]},{&quot;benefit_id&quot;:&quot;id_breach_alerts&quot;,&quot;types&quot;:[&quot;one&quot;]},{&quot;benefit_id&quot;:&quot;personal_data_security_reports&quot;,&quot;types&quot;:[&quot;one&quot;]},{&quot;benefit_id&quot;:&quot;anonymous_search_tool&quot;,&quot;types&quot;:[&quot;one&quot;]}],&quot;benefit_comparison_existing&quot;:[{&quot;benefit_id&quot;:&quot;secure_vpn&quot;,&quot;types&quot;:[&quot;starter&quot;,&quot;one&quot;]},{&quot;benefit_id&quot;:&quot;unlimited_devices&quot;,&quot;types&quot;:[&quot;starter&quot;,&quot;one&quot;]},{&quot;benefit_id&quot;:&quot;clean_web_adblock&quot;,&quot;types&quot;:[&quot;starter&quot;,&quot;one&quot;]},{&quot;benefit_id&quot;:&quot;personal_detail_generator&quot;,&quot;types&quot;:[&quot;starter&quot;,&quot;one&quot;]},{&quot;benefit_id&quot;:&quot;email_alias_generator&quot;,&quot;types&quot;:[&quot;starter&quot;,&quot;one&quot;]},{&quot;benefit_id&quot;:&quot;av_protection_247&quot;,&quot;types&quot;:[&quot;one&quot;]},{&quot;benefit_id&quot;:&quot;anti_spyware_protection&quot;,&quot;types&quot;:[&quot;one&quot;]},{&quot;benefit_id&quot;:&quot;malware_protection&quot;,&quot;types&quot;:[&quot;one&quot;]},{&quot;benefit_id&quot;:&quot;cc_breach_alerts&quot;,&quot;types&quot;:[&quot;one&quot;]},{&quot;benefit_id&quot;:&quot;id_breach_alerts&quot;,&quot;types&quot;:[&quot;one&quot;]},{&quot;benefit_id&quot;:&quot;personal_data_security_reports&quot;,&quot;types&quot;:[&quot;one&quot;]},{&quot;benefit_id&quot;:&quot;anonymous_search_tool&quot;,&quot;types&quot;:[&quot;one&quot;]}]}},{&quot;test&quot;:&quot;iterable_killswitch_android&quot;,&quot;variant&quot;:&quot;a&quot;},{&quot;test&quot;:&quot;feature_post_quantum_android&quot;,&quot;variant&quot;:&quot;a&quot;}]</string>
    <int name="app_update_reported_version_code" value="310032958" />
    <string name="autoprotocol_config">null</string>
    <string name="dns_stats_DOH_CF">{&quot;totalRequests&quot;:17,&quot;failedRequests&quot;:2}</string>
    <string name="recent_server_groups">[]</string>
    <string name="AppExitReasonRepository_unhandledAppCrashRecord">null</string>
    <string name="ab_test_header">test2:a;feature_1:b;feature_shadowsocks:b;feature_mtls:b;feature_delete_account:b;feature_rotator:b;feature_cf_captcha:b;feature_turn_off_feedback:b;feature_ikev2_removal_warning:a;test_76:b;feature_proxy_self_heal:b;feature_auth_microsoft:a;feature_auth_google:b;feature_auth_apple:b;test_81:b;test_84:b;feature_login_apple_validation:b;feature_startup_apple_validation:b;feature_language_tooltip:a;test_92:c;feature_language_removal:b;feature_global_timeout:b;test_94:b;test_95:b;feature_auth_microsoft_2:b;feature_acc_link_multiple:a;feature_location_prefetch:b;feature_blocked_port_mode:b;feature_dedicated_ip:b;test_windows:b;feature_local_net:b;feature_alt_id_android:b;feature_test99_android:b;feature_blocked_port_mode_apple:b;feature_cancel_sub:b;feature_home_feedback:b;feature_alt_id_multiple_emails_android:b;feature_connection_rating:b;feature_android_connection_details:b;feature_cancel_sub_test:b;feature_dip_upsell_android:b;feature_windows_extended_auth_timeout:b;feature_antivirus_centralized_analytics:b;feature_force_obfuscated:a;feature_app_rating_android:b;feature_windows_alt_number:b;feature_consent_mode_android:a;feature_sync_dedicated_ip:a;feature_wg_ping:b;feature_alt_id_phone_upsell_android:b;feature_widget_layout_safe_mode_android:a;feature_segmentation_questions:a;feature_antivirus_engine_analytics:b;test_home_dashboard:b;feature_multiport:b;feature_silent_wireguard_reconnect:b;targeted_crash_diagnostics_android:b;feature_home_dashboard_rollout_android:b;feature_refresh_wireguard_key_in_advance:a;test_129:b;feature_post_quantum_amazon:a;feature_vpn_mtu_android:b;flexible_autoprotocol_android:b;test_133:a;test_subscription_plan_bundles_config_android:a;test_138:a;iterable_killswitch_android:a;feature_post_quantum_android:a</string>
    <string name="ports_state">{&quot;port80&quot;:true,&quot;port443&quot;:true,&quot;port8443&quot;:true,&quot;port3433&quot;:true,&quot;port500&quot;:true,&quot;port4500&quot;:true,&quot;port51820&quot;:true}</string>
    <long name="try_pause_counter_start_unix_time" value="1756967047408" />
    <long name="lastCachedSsnLeaks" value="1756967076740" />
    <string name="settings_key_no_borders_country_code">IN</string>
    <string name="location_dimensions">{&quot;AppLanguage&quot;:&quot;en&quot;,&quot;Country&quot;:&quot;India&quot;,&quot;TimeZone&quot;:&quot;Asia/Kolkata&quot;}</string>
    <long name="home_screen_first_shown" value="1756967076020" />
    <int name="prefs_schema_version" value="4" />
    <string name="connection_info">{&quot;ip&quot;:&quot;106.194.36.138&quot;,&quot;isp&quot;:&quot;Bharti Airtel Limited&quot;,&quot;countryCode&quot;:&quot;IN&quot;,&quot;country&quot;:&quot;India&quot;,&quot;city&quot;:&quot;Kanayannur&quot;,&quot;region&quot;:&quot;Kerala&quot;,&quot;secured&quot;:false,&quot;restricted&quot;:false}</string>
    <long name="AlternativeIdRepositoryImpl_lastProfileUpdateTime" value="1756967105152" />
    <string name="dns_stats_UDP_CF">{&quot;totalRequests&quot;:2,&quot;failedRequests&quot;:0}</string>
    <long name="lastAppRateCheckTimestamp" value="1756967076004" />
    <boolean name="LocalizationMigrationUseCase_migrated" value="true" />
    <string name="PRIVACY_CONSENT_STATE">Accepted</string>
</map>
