<?xml version='1.0' encoding='utf-8' standalone='yes' ?>
<map>
    <set name="fire-installations/18.0.0 fire-rc/22.1.1 kotlin/2.1.0 device-brand/realme fire-abt/21.1.1 fire-android/34 fire-core/21.0.0 fire-core-ktx/21.0.0 fire-fcm/24.1.1 android-installer/com.google.android.packageinstaller fire-perf/21.0.5 fire-analytics/22.4.0 android-platform/ android-min-sdk/21 fire-sessions/2.1.1 device-name/RMX3660 fire-analytics-ktx/22.4.0 fire-cls/19.4.3 fire-transport/19.0.0 device-model/RE588BL1 android-target-sdk/34">
        <string>2025-09-04</string>
    </set>
    <long name="fire-count" value="1" />
    <string name="last-used-date">2025-09-04</string>
    <long name="fire-global" value="1756967101763" />
</map>
