{"inAppMessages":[{"messageId":"6J6JDVkXPC2lqV1uMPR9NhWH5uZPz4rGTqkBDtvpb1oqaD","campaignId":10054715,"createdAt":1756966343656,"expiresAt":1757571143656,"trigger":{"type":"immediate"},"priorityLevel":300.5,"content":{"inAppDisplaySettings":{"top":{"percentage":0},"left":{"percentage":0},"bottom":{"percentage":0},"right":{"percentage":0},"shouldAnimate":false}},"customPayload":{"messageStyle":"tips"},"saveToInbox":true,"inboxMetadata":{"title":"Your 7-day trial starts now!","subtitle":"Ready for safer online surfing?","icon":""},"processed":false,"consumed":false,"read":true}]}